sample6,Noised,Naive,Regolarized,Regolarized 2nd,TV correction
K1_0.02_0.32,0.0007559227110685279,0.032579956810157636,0.007136026142984727,0.007136019766305096,0.0004799430785872078
K1_0.04_0.08,0.001956439463736387,0.12833840640032135,0.0039803682661197675,0.003980333720236643,0.0002635182953382621
K2_0.01_0.05,0.0007432625919535698,0.1272610851404133,0.0008242144022422011,0.0008241215140135334,0.0003193953137992134
K2_0.03_0.01,0.0015416117172776685,1.1679279790458827,0.00747061945776497,0.005809820912427128,0.00027456072236877957
K2_0.04_1,0.0022544607199338138,2.088303568551292,0.02880196524221216,0.028801966361091086,0.0012845234184876784
K3_0.01_0.32,0.0008609590657330884,0.1233934332546391,0.007410550085190076,0.007410551539856439,0.0007753240020507935
K3_0.03_0.08,0.0016548468728326484,1.1486149612385343,0.0018237090467466417,0.0018236943693062126,0.0005485407117638342
K3_0.05_0.05,0.00326481285826544,3.1927573905026336,0.00368757095317427,0.003684668560115306,0.0005016126674904596
