sample5,Noised,Naive,Regolarized,Regolarized 2nd,TV correction
K1_0.02_0.32,30.656249221874738,14.912127547368335,20.225702558344103,20.225685514905464,31.48473357879499
K1_0.04_0.08,26.83898326137124,8.854984167215816,23.67355447264179,23.673586016877888,33.737429319018574
K2_0.01_0.05,30.48523497129869,8.932494509057454,29.848756963128555,29.849099124254593,33.18096839156133
K2_0.03_0.01,27.725899360308848,-0.6709510467213333,21.22270051729501,22.29217247260223,33.909330434127504
K2_0.04_1,26.20933255403599,-3.1538029473621627,14.146681014919745,14.146681017049792,27.497460468926622
K3_0.01_0.32,29.87918740986305,9.070529877186658,20.08102493491664,20.081031915229662,29.893802182325857
K3_0.03_0.08,27.376409947007666,-0.5215816142511729,26.615431742355895,26.615464067738472,31.6884600478811
K3_0.05_0.05,24.631891311350152,-5.044115464267929,24.05047698584951,24.05371714757747,31.813813137096403
