sample2,Noised,Naive,Regolarized,Regolarized 2nd,TV correction
K1_0.02_0.32,31.219713772943493,14.898427813414832,26.25315826123923,26.25310502196088,33.22733672157536
K1_0.04_0.08,27.088048818786113,8.868757061651465,24.572104546590985,24.5721598548062,37.29823597035667
K2_0.01_0.05,30.9597569825724,8.985538286481976,31.894877271261933,31.89533621859523,36.124302128620144
K2_0.03_0.01,27.96499922905449,-0.6673797984007066,21.280105256931506,22.370799621594305,36.824313976608224
K2_0.04_1,26.37004386832166,-3.2053629354567246,20.65556707580111,20.655566763721623,24.23409625147556
K3_0.01_0.32,30.23220421001568,9.106374010722432,25.620841483422897,25.62093712458222,30.434989672508035
K3_0.03_0.08,27.56432931362939,-0.5998328876307969,28.458255220938128,28.458276740829728,32.70822925015806
K3_0.05_0.05,24.74893983480156,-5.067261895423375,24.50272426016376,24.50626817127835,34.12575581056422
