sample3,Noised,Naive,Regolarized,Regolarized 2nd,TV correction
K1_0.02_0.32,0.0006183562195615197,0.03246803090383158,0.0034292349583174087,0.0034292418138721584,0.00032138204897249614
K1_0.04_0.08,0.0018164741362002295,0.13072789190637246,0.0035420596897397885,0.0035420059532992984,0.00014550974911833048
K2_0.01_0.05,0.0005257325180552557,0.12724338462637214,0.0005253480359497487,0.0005252383762071348,0.00019317705800837967
K2_0.03_0.01,0.0013297673808943414,1.1694277869726672,0.007364308466080667,0.0056908247127906274,0.00017838546896234273
K2_0.04_1,0.0020273538713938446,2.0846855684800163,0.013454315397226836,0.013454315897397985,0.000983158063189165
K3_0.01_0.32,0.0006139779644558889,0.1239228535583087,0.0035922306723603116,0.0035922458174449832,0.0005789315330704131
K3_0.03_0.08,0.0014146750493794647,1.1395742235645672,0.0012928408041764958,0.0012928245974607867,0.000377176076050449
K3_0.05_0.05,0.003018157293672563,3.171480816550959,0.00337294354370413,0.003370003808254488,0.0003418152740897138
