sample10,Noised,Naive,Regolarized,Regolarized 2nd,TV correction
K1_0.02_0.32,26.173024239781753,14.95752071944294,17.34892476020092,17.348940175675953,20.195480312567526
K1_0.04_0.08,24.413055497781883,8.914124041022063,22.527795008653673,22.527820150882274,22.9699669831163
K2_0.01_0.05,24.003378534825014,9.057121619973236,25.105222338799745,25.10472484514254,22.705881098177258
K2_0.03_0.01,23.22414055503058,-0.6322839398248082,20.736415439272243,21.62229855350443,24.62289939970003
K2_0.04_1,22.606782884104728,-3.1286550752385005,11.391290631171945,11.391290342149745,18.51627818429846
K3_0.01_0.32,23.234622025431243,9.33570552576737,16.78347450376247,16.783485102391978,19.720354553413458
K3_0.03_0.08,22.562948367020695,-0.4595873528882233,22.465323811632658,22.465313950431085,21.680755230906044
K3_0.05_0.05,21.45983204233228,-5.003847046584364,21.795514556566594,21.79709549588773,22.20215365626958
