sample9,Noised,Naive,Regolarized,Regolarized 2nd,TV correction
K1_0.02_0.32,30.197608223759683,14.883837847394243,18.953016078671748,18.953015631628848,25.065263443903667
K1_0.04_0.08,26.68265220823116,8.88027038812581,23.49463587660443,23.494669180143013,29.252470883699687
K2_0.01_0.05,28.93782509060771,8.990574918553714,29.27030728469188,29.270452115508707,28.83338680395612
K2_0.03_0.01,26.837610366895127,-0.6756518315670483,21.300454477575666,22.387557840104915,30.984160239541765
K2_0.04_1,25.559487349964883,-3.163535954006438,12.8080372951404,12.8080370133567,22.34431764535789
K3_0.01_0.32,28.03310205425159,9.180864468870311,18.67539289043695,18.675405508974205,24.350489106471098
K3_0.03_0.08,26.254719954143404,-0.5247501818775198,25.671783296123444,25.671792015447743,27.31571977359878
K3_0.05_0.05,23.99807878716691,-5.032762208412053,23.77519035192428,23.778091728755125,27.86534397126686
