sample1,Noised,Naive,Regolarized,Regolarized 2nd,TV correction
K1_0.02_0.32,0.0006001398306197416,0.03244298160993458,0.003178598804219245,0.003178601698904466,0.0003600210429666309
K1_0.04_0.08,0.0017989323219920945,0.12863674782932424,0.0035154292543720955,0.003515402895281162,0.00016244147830371346
K2_0.01_0.05,0.0004956207866795337,0.12654551449785018,0.0004891916525423642,0.0004890720293192226,0.00015762035856168279
K2_0.03_0.01,0.0012951103780900423,1.1600353812332485,0.0073164824442349796,0.0056519474520872835,0.00018665647521693443
K2_0.04_1,0.00200537865747125,2.0519580526457175,0.012443067873224616,0.012443068259903054,0.0012533572522966014
K3_0.01_0.32,0.000585099314115456,0.12265796945174402,0.0033355908031835815,0.0033355430103572665,0.0006007960086030376
K3_0.03_0.08,0.0013880159343554626,1.1194400219225327,0.0012481717586747933,0.0012481800973291302,0.00032574235167778576
K3_0.05_0.05,0.0029785042506587536,3.185448076500694,0.0033156106990972463,0.003312679927391577,0.00028075740012089293
