sample8,Noised,Naive,Regolarized,Regolarized 2nd,TV correction
K1_0.02_0.32,0.0008104144968214864,0.032550202562795734,0.007537374048374597,0.007537370941489089,0.0006457452746104875
K1_0.04_0.08,0.0020099723726660665,0.1296247813800726,0.004056540220630189,0.004056506262050554,0.00034745908574453956
K2_0.01_0.05,0.0008163002318295881,0.12779940260588596,0.0008913879074108916,0.0008913037792635877,0.00039430275238144227
K2_0.03_0.01,0.0016276631447470758,1.176241423010826,0.007551342314187736,0.005874823180371137,0.0003221139107051172
K2_0.04_1,0.0023172015058100905,2.0932100513367007,0.03032441365660368,0.030324411576518284,0.0017319962640980043
K3_0.01_0.32,0.0009448467203390539,0.12430080093908634,0.007829584779591978,0.007829585195407635,0.0009778131034869205
K3_0.03_0.08,0.001746444444962348,1.140142342768099,0.0019235989271387517,0.0019235836601069044,0.0006149443386394619
K3_0.05_0.05,0.0033458062719253848,3.1864696384342706,0.0037393147666651624,0.0037363991383633902,0.0005667444961345182
